sample_index	id	token_count	truncated	n_chunks	encoded_chunk_truncated
0	0142248	107	True	2	False
1	0042179	62	False	1	False
2	0109424	121	True	2	False
3	0058430	93	True	2	False
4	1059969	267	True	6	False
5	0095107	28	False	1	False
6	0258827	96	True	2	False
7	0197213	74	True	2	False
8	0292501	46	False	1	False
9	0097576	147	True	4	False
10	0119819	64	False	1	False
11	0036395	62	False	1	False
12	0108256	59	False	1	False
13	0967945	55	False	1	False
14	0104299	96	True	2	False
15	0448400	43	False	1	False
16	0067992	140	True	3	False
17	0024262	68	True	2	False
18	0138645	59	False	1	False
19	0060408	79	True	2	False
20	1538874	40	False	1	False
21	0078087	20	False	1	False
22	0063013	47	False	1	False
23	0428518	248	True	5	False
24	0314871	107	True	3	False
25	0113189	100	True	2	False
26	2245223	61	False	1	False
27	1928340	102	True	3	False
28	0986264	193	True	4	False
29	1241329	33	False	1	False
30	0102511	74	True	3	False
31	0417871	150	True	3	False
32	0494222	118	True	3	False
33	0104401	119	True	2	False
34	2172071	70	True	2	False
35	0422295	108	True	2	False
36	0427309	130	True	3	False
37	3042408	26	False	1	False
38	0433035	205	True	4	False
39	0072752	56	False	1	False
40	0317705	127	True	3	False
41	0170232	8	False	1	False
42	0119987	95	True	2	False
43	0043286	108	True	2	False
44	0429177	114	True	3	False
45	1637725	47	False	1	False
46	0109855	55	False	1	False
47	0418362	147	True	4	False
48	1881024	72	True	2	False
49	0475750	90	True	2	False
50	1655460	228	True	4	False
51	0106246	77	True	2	False
52	0407821	16	False	1	False
53	2512582	329	True	7	False
54	0772200	39	False	1	False
55	0093418	75	True	2	False
56	1758610	58	False	1	False
57	0087332	89	True	2	False
58	0059250	41	False	1	False
59	0843302	80	True	2	False
60	0054230	35	False	1	False
61	0118158	46	False	1	False
62	0015202	102	True	3	False
63	2475492	16	False	1	False
64	0329030	105	True	2	False
65	0105839	80	True	2	False
66	0159421	113	True	3	False
67	1073535	20	False	1	False
68	0103791	64	False	1	False
69	0422783	42	False	1	False
70	0079219	35	False	1	False
71	0204700	135	True	3	False
72	0295168	20	False	1	False
73	0817225	118	True	3	False
74	1794790	99	True	2	False
75	1410051	215	True	5	False
76	2870756	66	True	2	False
77	2948472	152	True	3	False
78	1704573	135	True	3	False
79	1509638	19	False	1	False
80	2343380	68	True	2	False
81	0120391	128	True	3	False
82	0097778	52	False	1	False
83	0070819	253	True	5	False
84	0034577	5	False	1	False
85	0476999	54	False	1	False
86	0097109	34	False	1	False
87	0202623	59	False	1	False
88	0472884	33	False	1	False
89	0102035	53	False	1	False
90	1666335	45	False	1	False
91	0803061	5	False	1	False
92	1179947	17	False	1	False
93	0480251	17	False	1	False
94	0095927	122	True	3	False
95	0106664	107	True	2	False
96	0804452	355	True	8	False
97	1606389	126	True	3	False
98	0246765	159	True	4	False
99	0087363	113	True	2	False
100	0034167	35	False	1	False
101	1921179	28	False	1	False
102	0422491	106	True	2	False
103	0120481	66	True	2	False
104	0049777	271	True	6	False
105	0376717	19	False	1	False
106	0054417	4	False	1	False
107	1060256	37	False	1	False
108	0138524	219	True	5	False
109	0126344	136	True	4	False
110	0098552	72	True	2	False
111	0497465	80	True	2	False
112	0082934	44	False	1	False
113	0034399	51	False	1	False
114	1425257	139	True	3	False
115	0098513	61	False	1	False
116	0064665	93	True	2	False
117	0082700	60	False	1	False
118	0114536	166	True	4	False
119	0063592	30	False	1	False
120	0029583	80	True	2	False
121	1504691	25	False	1	False
122	2059171	152	True	4	False
123	0480025	199	True	4	False
124	0401792	80	True	2	False
125	2123146	20	False	1	False
126	1571249	61	False	1	False
127	0222812	72	True	2	False
128	0490579	129	True	3	False
129	0066498	47	False	1	False
130	0068805	94	True	2	False
131	0443844	120	True	3	False
132	0094020	74	True	2	False
133	0057230	36	False	1	False
134	1152758	126	True	3	False
135	0778661	104	True	2	False
136	0006731	43	False	1	False
137	0064363	28	False	1	False
138	0366777	93	True	2	False
139	0041923	95	True	3	False
140	0377713	24	False	1	False
141	0243585	91	True	2	False
142	2954776	72	True	2	False
143	0101692	50	False	1	False
144	0903627	114	True	2	False
145	0070130	74	True	2	False
146	0072362	88	True	2	False
147	0036422	35	False	1	False
148	1078588	115	True	3	False
149	0062534	73	True	2	False
150	0036984	36	False	1	False
151	0165998	70	True	2	False
152	0096875	74	True	2	False
153	0373926	253	True	5	False
154	0345551	3	False	1	False
155	0029995	85	True	2	False
156	0049225	88	True	2	False
157	0244504	135	True	3	False
158	0106266	117	True	2	False
159	0446029	93	True	2	False
160	0051879	598	True	12	False
161	0052896	103	True	2	False
162	0401244	29	False	1	False
163	0108333	125	True	3	False
164	2518926	47	False	1	False
165	2511428	33	False	1	False
166	1107812	91	True	2	False
167	0307913	111	True	2	False
168	0037604	57	False	1	False
169	0016895	80	True	2	False
170	0082679	132	True	3	False
171	0052933	94	True	2	False
172	0050840	22	False	1	False
173	0109942	81	True	2	False
174	0112602	72	True	2	False
175	0110322	164	True	4	False
176	0099166	81	True	2	False
177	0054460	39	False	1	False
178	0037691	103	True	2	False
179	0022698	177	True	3	False
180	0106598	96	True	2	False
181	2283748	156	True	4	False
182	0066769	53	False	1	False
183	0384814	130	True	3	False
184	1245091	60	False	1	False
185	0349225	185	True	5	False
186	0095629	55	False	1	False
187	0035530	58	False	1	False
188	2320029	54	False	1	False
189	0070770	243	True	5	False
190	0100135	120	True	2	False
191	0054393	76	True	2	False
192	1034320	47	False	1	False
193	0044105	189	True	4	False
194	0048250	107	True	2	False
195	0041373	149	True	4	False
196	0045230	46	False	1	False
197	0057372	92	True	2	False
198	1129445	72	True	2	False
199	1716772	413	True	9	False
200	0322824	40	False	1	False
201	0052255	51	False	1	False
202	0329111	120	True	2	False
203	0079261	75	True	2	False
204	1146320	40	False	1	False
205	0022454	198	True	4	False
206	0451966	103	True	2	False
207	2270802	223	True	5	False
208	0051758	63	False	1	False
209	0349079	134	True	3	False
210	0034478	105	True	2	False
211	1196124	70	True	2	False
212	0354595	73	True	2	False
213	0837800	251	True	5	False
214	0028436	54	False	1	False
215	0088885	108	True	2	False
216	0120207	61	False	1	False
217	0166808	49	False	1	False
218	0109962	73	True	2	False
219	0057933	68	True	2	False
220	1816518	125	True	3	False
221	0017918	84	True	2	False
222	2084989	68	True	2	False
223	0414879	103	True	2	False
224	0823240	136	True	3	False
225	1294790	125	True	2	False
226	1512894	77	True	2	False
227	0105601	54	False	1	False
228	0050201	57	False	1	False
229	1840911	100	True	2	False
230	0301181	82	True	2	False
231	0089748	92	True	2	False
232	0075989	39	False	1	False
233	0058182	52	False	1	False
234	0049578	206	True	5	False
235	0910860	68	True	2	False
236	0119502	80	True	2	False
237	2088714	69	True	2	False
238	0117038	135	True	3	False
239	3074732	255	True	5	False
240	0108550	203	True	5	False
241	0092532	56	False	1	False
242	0419256	64	False	1	False
243	0207524	132	True	3	False
244	0416471	43	False	1	False
245	0034646	65	True	2	False
246	0082425	16	False	1	False
247	0400297	43	False	1	False
248	2450440	208	True	5	False
249	0050383	51	False	1	False
250	0926759	9	False	1	False
251	0062430	132	True	3	False
252	0091415	92	True	2	False
253	0149624	51	False	1	False
254	0096289	150	True	4	False
255	0041947	62	False	1	False
256	0056796	44	False	1	False
257	0034277	255	True	6	False
258	2061818	19	False	1	False
259	1682949	91	True	2	False
260	0094642	72	True	2	False
261	0131636	105	True	2	False
262	0087553	94	True	2	False
263	0311320	176	True	3	False
264	0080945	22	False	1	False
265	1508675	271	True	7	False
266	0811136	67	True	2	False
267	0036005	147	True	3	False
268	0425598	166	True	4	False
269	0458339	139	True	3	False
270	2397471	149	True	4	False
271	0113677	22	False	1	False
272	0062457	71	True	2	False
273	0183790	116	True	2	False
274	0304229	50	False	1	False
275	0337103	65	True	2	False
276	0051713	152	True	3	False
277	0049552	248	True	5	False
278	0113756	147	True	3	False
279	0107426	90	True	2	False
280	0419766	84	True	2	False
281	4358230	45	False	1	False
282	0435705	103	True	2	False
283	0069289	28	False	1	False
284	1677082	103	True	2	False
285	0089504	94	True	2	False
286	0071360	308	True	7	False
287	0108238	65	True	2	False
288	2210781	64	False	1	False
289	0164085	80	True	2	False
290	0090665	52	False	1	False
291	0365938	99	True	2	False
292	0022681	53	False	1	False
293	1239427	168	True	4	False
294	0045935	185	True	4	False
295	0385267	72	True	2	False
296	0411195	111	True	3	False
297	1121931	128	True	3	False
298	0112998	77	True	2	False
299	0055304	86	True	2	False
300	0053994	41	False	1	False
301	0260924	19	False	1	False
302	0398286	168	True	3	False
303	0098724	47	False	1	False
304	0169302	99	True	2	False
305	0179183	101	True	2	False
306	0139615	48	False	1	False
307	0034694	130	True	3	False
308	0102789	117	True	3	False
309	0093780	55	False	1	False
310	0373981	180	True	5	False
311	0086112	84	True	2	False
312	0087995	168	True	3	False
313	1827358	49	False	1	False
314	0387914	45	False	1	False
315	0087464	23	False	1	False
316	0117959	38	False	1	False
317	0119590	37	False	1	False
318	0113725	43	False	1	False
319	0254199	100	True	2	False
320	0062776	369	True	7	False
321	0809425	20	False	1	False
322	0989000	125	True	3	False
323	1033631	207	True	5	False
324	0061537	132	True	3	False
325	0050963	79	True	2	False
326	0087578	54	False	1	False
327	0191043	133	True	3	False
328	0054853	64	False	1	False
329	1065106	152	True	3	False
330	0332047	69	True	2	False
331	0246601	50	False	1	False
332	0043265	247	True	5	False
333	1682180	4	False	1	False
334	0104753	124	True	3	False
335	1038915	78	True	2	False
336	0012304	104	True	2	False
337	3439114	38	False	1	False
338	0066530	111	True	2	False
339	0172726	126	True	3	False
340	0077696	81	True	2	False
341	1489248	56	False	1	False
342	0432348	95	True	2	False
343	0061180	157	True	3	False
344	0091472	19	False	1	False
345	0037645	31	False	1	False
346	1233611	124	True	3	False
347	0484211	45	False	1	False
348	2082221	33	False	1	False
349	2318092	95	True	2	False
350	0112495	93	True	2	False
351	1032854	130	True	3	False
352	1741243	24	False	1	False
353	2120779	110	True	3	False
354	0100054	102	True	2	False
355	0251370	23	False	1	False
356	0075268	76	True	2	False
357	1364487	54	False	1	False
358	1625092	58	False	1	False
359	0016013	43	False	1	False
360	0059241	22	False	1	False
361	0035195	54	False	1	False
362	0098645	88	True	2	False
363	3417470	95	True	2	False
364	0053611	139	True	3	False
365	0338094	52	False	1	False
366	0337879	79	True	2	False
367	0419142	129	True	3	False
368	0021240	19	False	1	False
369	0059453	248	True	5	False
370	1424310	3	False	1	False
371	0084395	88	True	2	False
372	1059887	65	True	2	False
373	0988035	115	True	2	False
374	2125653	33	False	1	False
375	0055032	73	True	2	False
376	1672215	110	True	2	False
377	2430104	136	True	3	False
378	0168856	273	True	6	False
379	0107151	127	True	3	False
380	0334725	112	True	2	False
381	2645000	82	True	2	False
382	0036367	135	True	3	False
383	0378109	102	True	2	False
384	0997147	52	False	1	False
385	0796355	189	True	4	False
386	0300270	120	True	2	False
387	0363589	40	False	1	False
388	0118163	63	False	1	False
389	0293116	73	True	2	False
390	0088128	84	True	2	False
391	0034297	61	False	1	False
392	1808587	48	False	1	False
393	0050534	64	False	1	False
394	0425413	108	True	3	False
395	0051786	77	True	2	False
396	1127883	20	False	1	False
397	0103793	43	False	1	False
398	0090927	103	True	2	False
399	0101004	97	True	2	False
400	0783598	156	True	3	False
401	0057400	103	True	2	False
402	0363240	32	False	1	False
403	0309566	51	False	1	False
404	1153546	47	False	1	False
405	2260052	114	True	3	False
406	0441787	51	False	1	False
407	0180793	78	True	2	False
408	0118772	119	True	2	False
409	0114928	94	True	2	False
410	0096943	82	True	2	False
411	0396184	27	False	1	False
412	0102460	63	False	1	False
413	1370889	55	False	1	False
414	0021153	121	True	3	False
415	0130623	108	True	2	False
416	2636124	44	False	1	False
417	0892318	52	False	1	False
418	1346961	25	False	1	False
419	1814621	120	True	3	False
420	2758880	64	False	1	False
421	0212338	97	True	2	False
422	2147365	3	False	1	False
423	0875034	77	True	2	False
424	1259014	158	True	3	False
425	0113425	98	True	2	False
426	3655522	60	False	1	False
427	0097366	65	True	2	False
428	0189744	133	True	3	False
429	0104121	88	True	2	False
430	0060150	33	False	1	False
431	1187043	117	True	3	False
432	0497876	51	False	1	False
433	0024663	6	False	1	False
434	0457419	171	True	3	False
435	0055207	56	False	1	False
436	0064904	34	False	1	False
437	1046936	105	True	2	False
438	2036416	46	False	1	False
439	0040552	66	True	2	False
440	0271210	43	False	1	False
441	0053168	70	True	2	False
442	1270702	102	True	2	False
443	0113149	125	True	3	False
444	0096945	164	True	4	False
445	0337930	202	True	4	False
446	0092225	36	False	1	False
447	2535470	89	True	2	False
448	0075930	126	True	2	False
449	0070242	191	True	4	False
450	0117110	48	False	1	False
451	0348529	85	True	2	False
452	0057878	192	True	4	False
453	0093215	61	False	1	False
454	0093737	18	False	1	False
455	0076191	72	True	2	False
456	0100530	91	True	2	False
457	0304267	143	True	3	False
458	3826814	79	True	2	False
459	0170783	119	True	3	False
460	0092656	96	True	2	False
461	0085878	130	True	3	False
462	0084824	17	False	1	False
463	0206746	56	False	1	False
464	0060879	138	True	3	False
465	1270761	63	False	1	False
466	0415380	51	False	1	False
467	2802136	73	True	2	False
468	0056937	268	True	5	False
469	0067610	47	False	1	False
470	0350774	277	True	6	False
471	1702016	23	False	1	False
472	0146309	143	True	3	False
473	0290823	149	True	3	False
474	0388888	100	True	2	False
475	1935179	436	True	9	False
476	1605735	67	True	2	False
477	1705952	37	False	1	False
478	0087075	35	False	1	False
479	0072317	143	True	3	False
480	0055382	122	True	2	False
481	0048750	291	True	6	False
482	0445965	83	True	2	False
483	0083943	60	False	1	False
484	2691722	324	True	7	False
485	2554648	123	True	3	False
486	1509842	92	True	2	False
487	0260688	109	True	2	False
488	0127626	33	False	1	False
489	0359950	221	True	5	False
490	0085248	37	False	1	False
491	0091993	63	False	1	False
492	0049783	16	False	1	False
493	1486185	212	True	5	False
494	0114081	138	True	3	False
495	0024183	60	False	1	False
496	0034162	76	True	2	False
497	1233301	110	True	3	False
498	0112362	27	False	1	False
499	0039405	7	False	1	False
