id	text	image_path	y_true	y_pred	missing_genres	extra_genres	n_missing	n_extra	exact_match	zscore_Action	zscore_Adventure	zscore_Animation	zscore_Biography	zscore_Comedy	zscore_Crime	zscore_Documentary	zscore_Drama	zscore_Family	zscore_Fantasy	zscore_Film-Noir	zscore_History	zscore_Horror	zscore_Music	zscore_Musical	zscore_Mystery	zscore_Short	zscore_Romance	zscore_Sci-Fi	zscore_Sport	zscore_Thriller	zscore_War	zscore_Western	_text_was_empty	_used_top1_fallback	_image_encoded	score_image_Action	score_image_Adventure	score_image_Animation	score_image_Biography	score_image_Comedy	score_image_Crime	score_image_Documentary	score_image_Drama	score_image_Family	score_image_Fantasy	score_image_Film-Noir	score_image_History	score_image_Horror	score_image_Music	score_image_Musical	score_image_Mystery	score_image_Short	score_image_Romance	score_image_Sci-Fi	score_image_Sport	score_image_Thriller	score_image_War	score_image_Western	_text_encoded	score_text_Action	score_text_Adventure	score_text_Animation	score_text_Biography	score_text_Comedy	score_text_Crime	score_text_Documentary	score_text_Drama	score_text_Family	score_text_Fantasy	score_text_Film-Noir	score_text_History	score_text_Horror	score_text_Music	score_text_Musical	score_text_Mystery	score_text_Short	score_text_Romance	score_text_Sci-Fi	score_text_Sport	score_text_Thriller	score_text_War	score_text_Western	total_errors
0142248	Emperor Chiaotzu's wife has gone missing, and he is told by Master Shen that if he collects the seven dragon balls he can call upon the eternal dragon and wish for her return. Meanwhile, Goku and Krillin attend the World Martial Arts Tournament, which is hosted by the Emperor; Bora and his son Upa attempt to hide the dragon ball they found from the emperor's forces, which are under the control of the evil Shen and General Tao; and Bulma conducts her own search for the dragon balls with the help of Yamcha, Puar, and Oolong.	data/processed/pro_mmimdb/images/0142248.jpeg	Action|Adventure|Animation|Family|Mystery	Adventure|Fantasy	Action|Animation|Family|Mystery	Fantasy	4	1	False	0.9796470176564515	1.2613732776122002	0.9643688527426826	-0.24337651624907708	0.38495926228524535	-1.1742637816342238	-0.7581502982946404	0.1414573594832085	0.3653983098014376	2.060591184610158	-1.4991277657277968	0.37666611706943387	0.13343653890490162	-1.3766272356849225	0.05099200850398508	0.15535815953306997	0.723631516398836	-0.762085073363279	0.4444575054299928	-1.044114087975242	0.26805173965842033	-0.7223186485282952	-0.7303254422325429	False	False	True	1.0571141592518731	2.164250371159872	1.1953822292432552	-0.28266537821278015	-0.10924439997106812	-1.2312316673200372	0.31011204021396294	-0.28559161058274934	0.524580940671267	2.1346430900182822	-1.5857676008950734	0.5132502296147413	-0.48089416551438907	-1.1349174355032865	0.06042285071417599	-0.005635694061199273	0.711507069875633	-1.428865235253515	0.11386950980932223	-0.1336608098478619	-0.21619932729203423	-0.4768527944567586	-1.4136063716616316	True	0.9021798760610298	0.35849618406452805	0.7333554762421098	-0.20408765428537398	0.8791629245415589	-1.1172958959484103	-1.8264126368032438	0.5685063295491664	0.20621567893160825	1.9865392792020333	-1.4124879305605205	0.2400820045241264	0.7477672433241923	-1.6183370358665585	0.04156116629379417	0.31635201312733924	0.7357559629220393	-0.09530491147304304	0.7750455010506634	-1.9545673661026222	0.7523028066088748	-0.9677845025998318	-0.04704451280345413	5
0042179	"Jonesy and Lou are in Algeria looking for a wrestler they are promoting. Sergeant Axmann tricks them into joining the Foreign Legion, after which they discover Axmann's collaboration with the nasty Sheik Hamud El Khalid. Bits include Lou's mirage sightings, one a New York newsboy (""they gave me a bad corner"")."	data/processed/pro_mmimdb/images/0042179.jpeg	Adventure|Comedy	Action|History|War	Adventure|Comedy	Action|History|War	2	3	False	1.4452889513167229	0.11470586661309178	-0.37040811739857543	-0.31492692178901394	0.23084624849372126	0.32318555861331216	-0.21643673898660876	-0.8080089336490488	-0.4676756271080451	-0.7543425752476933	-0.01529565267852806	1.5342688647406513	-0.9024679599482264	-0.8191480436417413	-0.04200049340689441	0.12413990974562986	-0.4619399825106928	-1.2366584927195028	-0.22867228431933706	-0.4746031098474192	0.8609227136010933	2.1387792189259636	0.3404476012011718	False	False	True	1.1792969487182967	0.01833111091510658	0.5804682080676519	0.369832613791686	0.13481302790927055	0.040520643498889515	0.6414508372362753	-1.3619290936212252	0.07321824329168618	-0.7247694798517854	-0.6936706200265436	2.6771342953218515	-1.2516889974131264	-0.6278512813021154	0.48972047230148336	-0.29408304383797007	-0.17573740013639327	-1.5648123224276385	-0.49389667587117203	-0.5087651981020247	-0.46801657153681	2.2569270626059006	-0.29649277953129305	True	1.7112809539151488	0.21108062231107697	-1.3212844428648027	-0.999686457369714	0.326879469078172	0.6058504737277348	-1.0743243152094928	-0.2540887736768725	-1.0085694975077764	-0.7839156706436012	0.6630793146694874	0.391403434159451	-0.5532469224833263	-1.0104448059813673	-0.5737214591152722	0.5423628633292298	-0.7481425648849923	-0.9085046630113672	0.0365521072324979	-0.44044102159281373	2.1898619987389965	2.0206313752460265	0.9773879819336366	5
0197213	This parody of popular Japanese teenage girls' romances includes slapstick in a comedy of robbers versus robbers. When a gas leak explodes at a yakuza's headquarters, a shy, timid nurse and a meek rental car clerk gain possession of a briefcase of blood-soaked money. The rest is chase and escape, as the nurse is transformed to glamorous heroine and outsmarts the gangsters eager to recover the loot.	data/processed/pro_mmimdb/images/0197213.jpeg	Comedy	Action|Film-Noir|Thriller	Comedy	Action|Film-Noir|Thriller	1	3	False	1.020250612196671	-0.14479410503711543	-0.5877655150537904	-0.4734411777554604	0.34835209629263164	0.7991327369628256	-0.19269263216183452	0.6037116685766376	-0.9807504195429386	-0.32201249511504043	1.0500291253277831	-0.8116892462702646	0.18994845169750219	-0.3766946102288568	-0.08616217217406813	0.07666571327245683	0.2279818616146419	0.8680014689926742	0.5937422821122573	-0.7043998561188405	1.1819166176112812	-0.4070901630200979	-1.8722402421790667	False	False	True	1.166405591620209	0.1461840354461912	-0.41125761462174676	0.22403817697863407	-0.8119109554487387	0.8838875985807979	1.3495860148464163	0.36696844193012396	-1.2941965334827858	-0.637666584530164	0.5949834795114423	-0.41485696263765176	-0.5446610285524573	0.16611683887623077	-0.08239252703816291	-0.23333494510848313	1.0100976389906278	0.5179969072604671	1.032550651345667	0.30182312586899673	0.7274066643460161	-0.6502250490677283	-3.4075429651139073	True	0.8740956327731328	-0.4357722455204221	-0.7642734154858339	-1.1709205324895549	1.508615148034002	0.7143778753448533	-1.7349712791700853	0.8404548952231512	-0.6673043056030913	-0.006358405699916827	1.505074771144124	-1.2085215299028775	0.9245579319474617	-0.9195060593339444	-0.08993181730997334	0.3866663716533968	-0.554133915761344	1.2180060307248812	0.1549339128788477	-1.7106228381066777	1.6364265708765464	-0.1639552769724675	-0.33693751924422616	4
0097576	Indiana Jones, famed adventurer and archaeologist acquires a diary that holds clues and a map with no names to find the mysterious Holy Grail- which was sent from his father, Dr. Henry Jones, in Italy. Upon hearing from a private collector, Walter Donavan, that the mission for the Holy Grail went astray with the disappearance of his father, Indiana Jones and museum curator Marcus Brody venture to Italy in search of Indy's father. However, upon retrieving Dr. Henry Jones in Nazi territory, the rescue mission turns into a race to find the Holy Grail before the Nazis do- who plan to use it for complete world domination for their super-race. With the diary as a vital key and the map with no names as a guide, Indiana Jones once again finds himself in another death defying adventure of pure excitement.	data/processed/pro_mmimdb/images/0097576.jpeg	Action|Adventure|Fantasy	Adventure|History|Mystery	Action|Fantasy	History|Mystery	2	2	False	0.9349585202035186	1.5557022639437386	-0.17585897297527808	0.33669096373799967	-0.8497162847895339	-0.2126206361195274	-0.4224866130788208	-0.8028590574210457	-0.30195862920928823	0.7016888429335653	-0.3011833477825484	1.6820977235510588	-0.2309745390621647	-1.6393612383334395	-0.1963909018268888	1.08551422932502	-0.2766416447886466	-0.8470205972772482	-0.07991172462964627	-1.5934634536246057	0.5630723636297114	0.523673037769344	0.5470496958247113	False	False	True	1.8525282650675254	1.752547289236349	0.6294268768219019	1.0886350217033787	-1.1175019014677914	-0.2704969548550798	-0.40859265844007386	-1.0145695011053013	0.06405514884486553	0.3897417102317105	-0.9938688640082689	2.090354582940618	-0.8345977672885858	-1.4271236788311907	0.12411056274763368	0.04285623838323378	-0.013868044146958006	-1.464387373316268	-0.2796804710262184	-1.0539027203613396	0.04450392110215926	0.8887401924116749	-0.088909874643985	True	0.017388775339511733	1.358857238651128	-0.9811448227724581	-0.41525309422737927	-0.5819306681112763	-0.15474431738397498	-0.4363805677175677	-0.59114861373679	-0.667972407263442	1.01363597563542	0.39150216844317215	1.2738408641614996	0.3726486891642564	-1.8515987978356883	-0.5168923664014112	2.1281722202668063	-0.5394152454303353	-0.2296538212382284	0.11985702176692586	-2.133024186887872	1.0816408061572635	0.15860588312701324	1.1830092662934075	4
0109424	Wong Kar-Wai's movie about two love-struck cops is filmed in impressionistic splashes of motion and color. The first half deals with Cop 223, who has broken up with his girlfriend of five years. He purchases a tin of pineapples with an expiration date of May 1 each day for a month. By the end of that time, he feels that he will either be rejoined with his love or that it too will have expired forever. The second half shows Cop 663 dealing with his breakup with his flight attendant girlfriend. He talks to his apartment furnishings until he meets a new girl at a local lunch counter.	data/processed/pro_mmimdb/images/0109424.jpeg	Comedy|Drama|Romance	Romance|Short	Comedy|Drama	Short	2	1	False	0.7693749631215706	-0.6277515346701326	-0.4210646468599591	0.50278117193893	-0.09702762914429264	0.9491468493200177	0.29267077008159037	0.6915403701273235	-0.719600303188969	-0.6843377164551352	0.7105058602461681	0.009697726460260458	-0.4213476538745139	-0.7370037145382179	-0.516484656048294	0.12218538207246497	1.3045494453603195	1.0035796909766737	-0.1828950318152619	-0.8407387710112657	0.9016012042198531	-0.0007198618081985797	-2.008661914510914	False	False	True	1.0259962006870222	-0.4760631355339994	-0.27300217969068796	0.7332447877003023	-1.8345503736838606	1.0959502327996111	1.6012450678633303	0.4564351457597956	-1.1510062949811433	-0.45876902918025037	0.3803808752583016	1.071414768292727	-0.4551839232478186	-0.19611805443615196	-0.8494371888917726	-0.16578361160476238	1.5832194887332898	-0.09603468090133127	0.13336707651375396	-0.3219180320292393	0.4605671887833146	0.37381818599563155	-2.6377725142060524	True	0.512753725556119	-0.7794399338062658	-0.5691271140292302	0.27231755617755776	1.6404951153952754	0.8023434658404242	-1.0159035277001496	0.9266455944948514	-0.2881943113967946	-0.90990640373002	1.0406308452340347	-1.0520193153722062	-0.38751138450120926	-1.2778893746402837	-0.18353212320481543	0.4101543757496923	1.0258794019873492	2.1031940628546786	-0.49915714014427776	-1.359559509993292	1.3426352196563918	-0.3752579096120287	-1.3795513148157756	3
0058430	After being forcefully inducted as a soldier into war in 14th century Japan, his wife and mother remain living in a swamp. They eke out their living by ambushing worn-out warriors, killing them and selling their belongings to a greedy merchant. The woman comes to mistrust her daughter-in-law who has coupled up with a deserter, and begins to wear a facial mask she has taken from a slain samurai. In this disguise she is at first taken for a demon by her daughter.	data/processed/pro_mmimdb/images/0058430.jpeg	Horror	Action|Horror|Thriller|War		Action|Thriller|War	0	3	False	1.593462002731671	0.46261049064808724	-0.6247927635255498	-0.027517114504284707	-0.8314493407239502	0.15810835688702796	-0.8529354064387181	0.47749659896383684	-0.46562025713809996	0.5290795161095149	-0.08049582696382307	0.9099409632201702	1.3097900480404183	-1.8427201076675126	-0.47356130151184406	-0.021194278911716047	0.006273861972627137	-0.5718480722079881	-0.44944286652609483	-0.9916643289282068	1.1873197032638199	1.1360957593295975	-0.5369356361189972	False	False	True	2.319631256358029	0.7256395635212227	-0.9693688631438239	0.16881470919780278	-1.5678431223552023	0.9170694993390078	-0.2609669527639304	0.1281677264885213	-0.9426937101453555	-0.1749565071690256	0.4601635115992897	0.7154247835855669	1.4777227797477077	-1.4062815164610736	-0.624423921454024	-0.27406583360280073	0.1763444119414931	-1.3524388799157088	-0.9678165113943642	0.42001151530113834	0.8755181953796133	1.2443019946933074	-1.0879541287473873	True	0.8672927491053133	0.19958141777495172	-0.28021666390727573	-0.2238489382063722	-0.09505555909269794	-0.6008527855649519	-1.4449038601135058	0.8268254714391524	0.01145319586915566	1.2331155393880553	-0.6211551655269358	1.1044571428547734	1.141857316333129	-2.279158698873952	-0.322698681569664	0.23167727577936864	-0.16379668799623884	0.2087427354997327	0.06893077834217455	-2.403340173157552	1.4991212111480263	1.0278895239658876	0.014082856509392934	3
0095107	An obnoxious and bumbling but well-meaning man attempts to help Santa Claus find a successor. Failure wouild mean that there would be no Christmas.	data/processed/pro_mmimdb/images/0095107.jpeg	Comedy|Family|Fantasy	Comedy|Musical	Family|Fantasy	Musical	2	1	False	0.24827197391887879	0.0029772886556828637	0.7020078432822263	0.4313721216009626	1.607623462733333	-0.03292176718884207	-0.6039958453775369	0.251902800535773	0.9169535052191534	-0.07563802872020142	-1.1239748711672963	0.20490612449963844	0.3951641670766966	-0.723420218239336	1.049766845407557	0.2397013794532219	0.3108996629081354	-0.4161937625812587	-0.5416984395314377	-1.4663061536011823	0.9629572197297727	-0.3555756991167156	-1.9847796094971932	False	False	True	0.4147960992845632	-0.14584280518090847	1.6772165447534113	0.9039887220723849	1.543242333528836	-0.18420640664380308	0.4950217614811448	-0.5094483161916704	1.3963702553234598	-0.1718253839182326	-1.977878373351867	0.7343197220769424	-0.057416423524533876	-0.31406073704251086	0.9923848925088045	-0.2799815513572388	0.6360723699951866	-0.6616264141971486	-0.5739502003716573	-0.7232270916854541	-0.26550712348278444	-0.32243156891005065	-2.606010305166873	True	0.0817478485531944	0.1517973824922742	-0.2732008581889587	-0.041244478870459636	1.67200459193783	0.11836287226611894	-1.7030134522362186	1.0132539172632165	0.43753675511484696	0.02054932647782975	-0.27007136898272577	-0.32450747307766553	0.8477447576779271	-1.1327796994361612	1.1071487983063097	0.7593843102636826	-0.014273044178915732	-0.17076111096536872	-0.5094466786912182	-2.2093852155169107	2.1914215629423297	-0.3887198293233805	-1.3635489138275132	3
0292501	New York serves as a backdrop for a cast of characters in search of love, lust or lucre including a woman who makes awkward moves on the man renovating her SoHo loft, an embezzler, a sleazy artist and a phone psychic.	data/processed/pro_mmimdb/images/0292501.jpeg	Comedy|Drama|Romance	Film-Noir|Romance	Comedy|Drama	Film-Noir	2	1	False	-0.30042327466814767	-0.7249720537146839	-0.6029086597096969	0.4769115596524124	0.29244732959524505	0.3475799515470934	-0.07931109273449283	0.7694020626590435	-0.4847444400640096	-0.4168640223373276	1.2496440610418413	-0.13938805454134953	-0.1879375157718981	-0.4440674101458317	0.40089288752910324	0.6208163692777723	0.9485821663677606	2.113620317661958	-0.6222871203949927	-1.478240118451164	0.9952617840622698	-1.3076142687201422	-1.4264004581407415	False	False	True	-0.28212298632161587	-0.8499409194892436	-0.6270170694192945	1.0730523893196449	-0.6718762894884939	0.9486727325293157	0.9728455241497355	0.5457353963064819	-0.6679313144074952	-1.0849793600603475	1.8007977804309216	0.30517959696515057	-0.7622172944789711	-0.1284410598599973	0.20189706585586226	0.5137704395793652	1.0738682426310338	2.11701672201197	-1.1322900514659253	-0.9398451512327127	0.36989570226399854	-0.9375910427329486	-1.8384790530864341	True	-0.3187235630146795	-0.6000031879401242	-0.5788002500000992	-0.11922927001482007	1.256770948678984	-0.2535128294351289	-1.1314677096187211	0.9930687290116051	-0.30155756572052395	0.25125131538569223	0.6984903416527612	-0.5839557060478496	0.38634226293517493	-0.759693760431666	0.5998887092023442	0.7278622989761794	0.8232960901044875	2.1102239133119456	-0.11228418932406	-2.0166350856696154	1.620627865860541	-1.6776374947073356	-1.014321863195049	3
1059969	It's South Africa, 1990. Two major events are about to happen: The release of Nelson Mandela and, more importantly, it's Spud Milton's first year at an elite boys only private boarding school. John Milton is a boy from an ordinary background who wins a scholarship to a private school in Kwazulu-Natal, South Africa. Surrounded by boys with nicknames like Gecko, Rambo, Rain Man and Mad Dog, Spud has his hands full trying to adapt to his new home. Along the way Spud takes his first tentative steps along the path to manhood. (The path it seems could be a rather long road). Spud is an only child. He is cursed with parents from well beyond the lunatic fringe and a senile granny. His dad is a fervent anti-communist who is paranoid that the family domestic worker is running a shebeen from her room at the back of the family home. His mom is a free spirit and a teenager's worst nightmare, whether it's shopping for Spud's underwear in the local supermarket, or sneaking food into her handbag at school functions. Armed with only his wits and his diary, Spud takes us from illegal night swimming to the red-hot furnace of the cricket pitch, from ghostbusting to a catastrophic family vacation. He also invites us into the mind of a boy struggling to come to terms with a strange new world, a boy whose eyes are being opened to love, friendship and complete insanity.	data/processed/pro_mmimdb/images/1059969.jpeg	Comedy|Drama	Biography|Comedy|Drama|Family		Biography|Family	0	2	False	-0.25156148416583746	-0.4793354602991435	-0.9295751815159131	1.700785651480988	1.1076147891613344	-0.6436722112204253	-0.03781675992270333	1.4271142442096048	1.357294231293238	-0.378220160622477	-0.4100623141695151	0.5864227096713165	-0.3484421370131028	-1.092630488228035	-0.42459486452080203	-0.2535641532326062	0.3612229014372032	0.2048234837678437	-1.3520910135041058	0.983500366088849	0.721404455382144	-0.5034567880582933	-1.3451598160195588	False	False	True	-0.32966820406540603	0.03748938374051756	0.4553768786770596	2.1392139198957216	1.506554267929865	-0.6711675164434752	-0.0021335313761704044	1.376755831642157	1.7459349423752497	-0.44441639489390267	-0.4538952204668519	0.36517326061416916	-0.5054050585614632	-1.0165471064747014	-0.2084480395232792	-0.41242178592006906	0.6957763076673369	0.04725692909889516	-1.6414292481132875	0.41789271834672476	-0.5544990483843775	-0.4088767332526779	-2.1385165525120384	True	-0.17345476426626885	-0.9961603043388045	-2.314527241708886	1.2623573830662544	0.7086753103928041	-0.6161769059973754	-0.07349998846923625	1.4774726567770524	0.9686535202112261	-0.3120239263510513	-0.3662294078721784	0.8076721587284639	-0.19147921546474234	-1.1687138699813686	-0.6407416895183249	-0.09470652054514336	0.026669495207069557	0.36239003843679224	-1.062752778894924	1.5491080138309734	1.9973079591486655	-0.5980368428639087	-0.551803079527079	2
0258827	Inken (Diana Amft) is an eighteen-year-old girl, frustrated for not having had an orgasm yet with her boyfriend. Her two best friends are Vicky (Felicitas Woll), who is in the same situation as Inken, not knowing the pleasure of an orgasm, and the still virgin Lena (Karoline Herfurth). Inken and Vicky try to find a man or woman able to give pleasure to them while Lena has her heart broken by her boyfriend. But they finally find mates and achieve their dreams.	data/processed/pro_mmimdb/images/0258827.jpeg	Comedy	Comedy|Romance|Short		Romance|Short	0	2	False	0.0037915503163891695	-0.2061265098514946	-0.29213568845544163	0.7236672038050282	1.1707025305060756	-0.4220212137341769	-0.16911758617305045	0.9958616625356935	0.9103632060860931	-0.048110542901583175	-0.881571839932901	-0.20145702669335516	-0.3280817750841863	-0.3206001559644867	0.5386197401998575	-0.31100980684929236	1.02251864927327	1.2277045615221622	-0.8768991928090888	0.5022425092035303	0.12911182288204215	-0.9610907408178297	-2.2063613570632383	False	False	True	0.5436315696320608	0.03921838120965418	-0.023213001888434996	0.5744977933978935	0.9182868338430944	-0.0997164423342433	0.7162405347752138	0.38881632703851454	0.9879565919548872	-0.1471789795426256	-1.5723470104982704	0.011938731822833159	-0.8249444225284718	0.22217744860416908	0.8679130314228447	-0.6548875433492397	0.828547971489094	0.3460255841564305	-1.1252198682314152	2.2497214015996376	-0.8213126246121885	-0.7656118663641398	-2.660540441597304	True	-0.5360484689992825	-0.4514714009126434	-0.5610583750224483	0.872836614212163	1.423118227169057	-0.7443259851341105	-1.0544757071213147	1.6029069980328725	0.832769820217299	0.050957893739459255	-0.19079666936753154	-0.4148527852095435	0.16878087236009917	-0.8633777605331425	0.20932644897687033	0.032867929650654944	1.216489327057446	2.109383538887894	-0.6285785173867624	-1.245236383192577	1.0795362703762728	-1.1565696152715197	-1.7521822725291725	2
