sample_index	id	token_count	truncated
0	cv9kwi	8	False
1	46j162	14	False
2	bjkefw	11	False
3	c6edq0q	9	False
4	7yas5i	10	False
5	56dvty	12	False
6	3mbnug	17	False
7	cur2q86	9	False
8	4lpidn	13	False
9	77cavp	12	False
10	6muyes	22	False
11	14s6ft	11	False
12	19izgm	10	False
13	8r1lce	8	False
14	bdt9wz	9	False
15	32e5s9	10	False
16	bc20dw	12	False
17	27v8sl	12	False
18	73wq77	14	False
19	bbkbuq	15	False
20	2o4ui9	9	False
21	d6gf0j	12	False
22	7v0lpf	9	False
23	37kshv	15	False
24	5kdy6v	12	False
25	ar4tfb	13	False
26	bru6jm	9	False
27	c8rx6y	16	False
28	c228o3	8	False
29	3gi68h	26	False
30	cllzd4	10	False
31	8h6xzj	21	False
32	cab8b3	11	False
33	bc3zca	16	False
34	bib66v	12	False
35	cg9s187	7	False
36	9dy5gr	14	False
37	7y6d4g	18	False
38	4pb5eq	12	False
39	ch0kd7	10	False
40	ccfau9p	9	False
41	3zgfqy	7	False
42	cjrhs4	14	False
43	9eq12n	7	False
44	1h26t9	15	False
45	6b9aof	10	False
46	dek0p8	28	False
47	bfrfvv	11	False
48	caro65	14	False
49	59po64	19	False
50	dinuvni	9	False
51	171ja3	6	False
52	6gndy1	12	False
53	btlh06	7	False
54	1nds3t	12	False
55	bi4jii	13	False
56	5l0itu	10	False
57	8egtar	8	False
58	1i5d59	8	False
59	62b4c9	13	False
60	bgzw1l	10	False
61	bterh9	23	False
62	c4v1iyt	8	False
63	3luh1z	13	False
64	c2y4n9	24	False
65	coyq8c	11	False
66	67qwvt	9	False
67	660swy	11	False
68	9g27bc	17	False
69	b2smax	6	False
70	14akpa	11	False
71	7vz4np	33	False
72	71o25c	6	False
73	blhqd2	11	False
74	buj9c5	10	False
75	297ilh	12	False
76	78owsb	8	False
77	3yc4xi	19	False
78	b5qmk7	16	False
79	1clnza	14	False
80	53trsa	8	False
81	c3l0qa	17	False
82	d7vhf2	15	False
83	1kg266	18	False
84	2ftwyk	20	False
85	d71fsu	19	False
86	c9z1ef	9	False
87	5hn8i1	10	False
88	bs1dar	37	False
89	26an1o	10	False
90	88bcnh	12	False
91	c6g3il	7	False
92	1l26hk	7	False
93	bvh06x	13	False
94	74fyax	10	False
95	cmqfm6	19	False
96	5yiyn7	11	False
97	b7twys	8	False
98	1fi890	11	False
99	6i736j	14	False
100	9h82yb	14	False
101	cofcfcm	9	False
102	59xjcl	17	False
103	c5pjrrs	12	False
104	d02c0fr	7	False
105	9ab3m5	10	False
106	ck7dgg	12	False
107	3bgcum	11	False
108	4i9b9l	10	False
109	7kizk0	16	False
110	17wnqk	9	False
111	asndxy	33	False
112	bnpw3r	14	False
113	d96uwg	13	False
114	cltrhlc	7	False
115	7vhacs	14	False
116	bwdulf	23	False
117	2dkfxg	8	False
118	corb31	11	False
119	d1x4ww	27	False
120	9j4ovo	13	False
121	7s47f1	9	False
122	8hrm1w	14	False
123	cz8m8u	10	False
124	6v7v36	10	False
125	3xych9	10	False
126	230fsc	38	False
127	bs71y1	19	False
128	14o7as	13	False
129	9ii2jj	13	False
130	7l6x1c	24	False
131	cuasoqo	23	False
132	73kj8l	14	False
133	56sgee	9	False
134	8xw82z	8	False
135	d7qrel	15	False
136	3fx6rj	9	False
137	9jwxyr	14	False
138	d7thzmj	8	False
139	atlgmz	10	False
140	d7e2ga	10	False
141	bpwfcv	15	False
142	c590vc	7	False
143	9gy0g9	38	False
144	dgv643	41	False
145	b1xlz3	10	False
146	critus	22	False
147	bumaet	18	False
148	7oae4s	20	False
149	6oppz4	11	False
150	7ytt37	13	False
151	61lfuj	26	False
152	49h3vi	31	False
153	bjl9zd	12	False
154	ddqmivi	11	False
155	1kn9ah	8	False
156	1kn3d1	20	False
157	5s1ipk	13	False
158	868ro2	10	False
159	d7a3wfc	9	False
160	cfwtgda	10	False
161	7ooady	15	False
162	dchfeco	11	False
163	75srzq	13	False
164	105aix	10	False
165	9k5p2b	10	False
166	atbh3x	7	False
167	1un0ad	8	False
168	4h805l	9	False
169	8gqzbs	42	False
170	2857zc	8	False
171	4qwlrw	28	False
172	6xspe9	15	False
173	2wvyxn	13	False
174	cgwqlm	16	False
175	c76al6	11	False
176	3eywnc	19	False
177	49emmg	13	False
178	avdoxi	25	False
179	16nb1y	23	False
180	6td0i1	13	False
181	50ey8s	9	False
182	2oqtmo	13	False
183	1ouamz	11	False
184	4o1aqr	13	False
185	46lrdo	13	False
186	2jxazs	13	False
187	5r5ggc	12	False
188	c6xua9h	5	False
189	cllapo	12	False
190	6s9p5s	19	False
191	dhbmvr	12	False
192	8zg6y9	8	False
193	25ahrg	9	False
194	c26rhw	27	False
195	ck5cow	23	False
196	2e2gf2	11	False
197	51u4bm	7	False
198	1ck66j	17	False
199	ceaau6	10	False
200	4tv5u8	7	False
201	bhdxlg	10	False
202	dlpvzu	12	False
203	44e6r9	16	False
204	cezsh5	16	False
205	dij6elx	10	False
206	4wb43d	15	False
207	d9xzl0	14	False
208	8fzxb9	21	False
209	2jjvm7	17	False
210	8embki	12	False
211	bck098	13	False
212	7tk3n3	13	False
213	69fjf0	23	False
214	8xp1ss	8	False
215	1xgh9z	16	False
216	coygman	9	False
217	cd80q4n	14	False
218	5atqir	15	False
219	1ogbqh	14	False
220	cc2049	12	False
221	4398cn	13	False
222	c7q397q	8	False
223	df2iiir	6	False
224	dg51hq	12	False
225	cz4vrs	7	False
226	bvo9w5	17	False
227	dkdb1c	7	False
228	25c4ek	11	False
229	4ozt8b	9	False
230	cmawyw	6	False
231	4ldy6q	16	False
232	b6rl3u	9	False
233	dd424g	23	False
234	c82ydk	14	False
235	6jpojp	8	False
236	7z77mb	9	False
237	dccegf	9	False
238	8dhwhx	10	False
239	10tba7	8	False
240	cjcjb6m	10	False
241	b5ilmr	8	False
242	bjalxc	10	False
243	cmcyj0	11	False
244	5qlqu8	9	False
245	9emad7	8	False
246	11xasn	14	False
247	bqiajy	15	False
248	ccczkx	13	False
249	d663gr	19	False
250	1ifigy	8	False
251	bklbgq	14	False
252	q9lci	11	False
253	bl9olk	12	False
254	1j9qjh	34	False
255	c7zod5	13	False
256	cejkv1i	7	False
257	2m15hx	11	False
258	dcqi76	15	False
259	bz26fm	12	False
260	179rnu	13	False
261	4ckph7	13	False
262	1evsbv	22	False
263	dex5as	13	False
264	7syh68	11	False
265	5hznyi	20	False
266	1cnr7i	8	False
267	8yszef	10	False
268	clo6v43	11	False
269	d87gr8	16	False
270	8nww1z	21	False
271	9jqafh	10	False
272	7kb0wt	10	False
273	ash26u	16	False
274	4pj0v7	22	False
275	c20jct	11	False
276	3andu5	13	False
277	8parze	13	False
278	doyvgk9	13	False
279	cylx54	13	False
280	d1s0m8e	13	False
281	dv4vywb	11	False
282	34i2vp	9	False
283	czqi90	9	False
284	3nxb06	36	False
285	cpfggs	14	False
286	374fjw	11	False
287	4w9v04	6	False
288	cdkerz	18	False
289	4uuy0v	10	False
290	cghliv	11	False
291	53ve7m	17	False
292	b9z9vh	16	False
293	8q1h3c	9	False
294	3he464	12	False
295	5nt7bc	24	False
296	8twozl	13	False
297	ddtw8j	12	False
298	dcyyqi	13	False
299	3mymv3	19	False
300	41fl0n	10	False
301	byns43	12	False
302	xi25j	12	False
303	sch2x	14	False
304	1v0s1b	11	False
305	ca6dor	22	False
306	d55x80q	11	False
307	12c9kq	10	False
308	cd87b3	14	False
309	ctori4	11	False
310	cdzomtw	6	False
311	7kaj6o	39	False
312	7t252d	10	False
313	6jexhn	15	False
314	c3zeak	8	False
315	5oiuav	14	False
316	18qme5	12	False
317	1u4dk2	10	False
318	auyula	10	False
319	btsl7p	19	False
320	3b7hw5	13	False
321	ruhuh	15	False
322	9c1674	12	False
323	clleos	8	False
324	616z4b	15	False
325	5b35v6	18	False
326	bdkle1	13	False
327	141bbl	20	False
328	1f4lyn	19	False
329	ddibz7	18	False
330	7y7qn9	8	False
331	4aiefs	17	False
332	cjwxtj	11	False
333	ctdup0	9	False
334	cnrn9k	17	False
335	bxxn6k	14	False
336	eglrkp5	9	False
337	2l6dl0	11	False
338	b99yth	24	False
339	93gr1q	14	False
340	cr6i0u	20	False
341	27mpcr	12	False
342	3h34th	12	False
343	czlqrw	13	False
344	64oeog	12	False
345	71o825	11	False
346	32rw7y	6	False
347	dhnsulp	10	False
348	cmwu3q	14	False
349	4rozpv	12	False
350	6kcche	17	False
351	28ku7z	15	False
352	bdti7r	19	False
353	3jk96v	12	False
354	3bo4w2	7	False
355	ck2hcc	10	False
356	dcyq38	7	False
357	bdq0jh	12	False
358	57alug	13	False
359	2ggvks	16	False
360	8vvqsg	13	False
361	cmfof4f	11	False
362	arb3bc	15	False
363	dc6wx9	10	False
364	11rt54	31	False
365	8tlyya	15	False
366	chh25u1	10	False
367	1gogmy	16	False
368	blw60y	10	False
369	3gymh7	18	False
370	dpmuhrc	9	False
371	9dzjyi	14	False
372	2h9e55	15	False
373	8z61g2	13	False
374	6feuw6	8	False
375	26zjoq	15	False
376	axq3b6	7	False
377	ctnfbd	16	False
378	ccv4df	18	False
379	1cvawd	9	False
380	78xol9	20	False
381	25eeez	14	False
382	1islyu	10	False
383	bw46oc	9	False
384	d1oa9c	22	False
385	925w0x	16	False
386	chd4k9k	13	False
387	1gv01q	11	False
388	5q0lzv	14	False
389	3lwihh	7	False
390	e1g2kg8	9	False
391	6vfz6l	10	False
392	375he7	8	False
393	dbh1qa	9	False
394	5501dq	6	False
395	h8kim	11	False
396	d7rnb0	13	False
397	7c64og	9	False
398	3po6jx	13	False
399	9hkiey	9	False
400	68f2wt	16	False
401	ayx7t2	22	False
402	6tq6e8	30	False
403	difafu	12	False
404	2d8cef	19	False
405	cyoqzdh	8	False
406	6zkf0j	20	False
407	5z6sc2	8	False
408	8e372q	8	False
409	68laeg	8	False
410	cd1oqu5	10	False
411	6m1pj9	12	False
412	cmsyfuv	6	False
413	2fmqky	13	False
414	catkmz	14	False
415	dlsdrsu	8	False
416	3jlh0u	10	False
417	6ajjsy	14	False
418	9ji786	11	False
419	3gh13l	9	False
420	6ii03t	12	False
421	ar7xey	7	False
422	1dkqly	12	False
423	7moogx	11	False
424	24d295	14	False
425	db1kn4	11	False
426	4sd64b	13	False
427	ix2yc	9	False
428	cqiwks	13	False
429	3capk4	11	False
430	b5w9is	7	False
431	cgev1ew	7	False
432	5b95c5	13	False
433	6aex4c	15	False
434	67rben	14	False
435	db1z1f7	8	False
436	3k12vt	13	False
437	57rrpg	7	False
438	b157fj	10	False
439	c8igjtd	34	False
440	10u4hu	20	False
441	4vheho	17	False
442	chep2r	13	False
443	bzu5o2	17	False
444	e2vz7xl	7	False
445	1ml9t6	16	False
446	eufto5a	8	False
447	2uo9o2	8	False
448	9jh2wf	28	False
449	7x2vx2	21	False
450	1xwl7l	10	False
451	946bq1	21	False
452	2wxjhy	14	False
453	ckwbon	22	False
454	7lixhc	14	False
455	ck6eap8	10	False
456	d4pkoj	11	False
457	bqj6pm	20	False
458	c7oq4rs	11	False
459	69qs94	11	False
460	8b71mj	16	False
461	bkptme	12	False
462	39iq79	13	False
463	bnkv8a	17	False
464	6dcu6k	18	False
465	brcxh6	19	False
466	5z4eja	16	False
467	4vb3jk	12	False
468	cdnmhj	10	False
469	3gbzxe	8	False
470	c5jce9i	9	False
471	cts54rg	11	False
472	bjd51k	21	False
473	1y7eak	6	False
474	60pyul	12	False
475	7orshg	14	False
476	76utmd	9	False
477	at3o3g	8	False
478	cb7m5j	12	False
479	c60yn7	23	False
480	3y5t9r	11	False
481	6a4nrb	19	False
482	84i5lo	16	False
483	awagug	20	False
484	al4fly	18	False
485	2rxkdu	14	False
486	80zy5s	14	False
487	7onnt2	15	False
488	5yu83o	20	False
489	9ihyoz	13	False
490	bnc63k	20	False
491	b774vx	14	False
492	cj44ep	14	False
493	dh9zmf	9	False
494	5vc0ts	14	False
495	ccazmav	22	False
496	9hsw3n	24	False
497	2vxncx	15	False
498	58f7ht	24	False
499	co16w5f	10	False
500	c46mfc7	19	False
501	9k2d0s	9	False
502	1h21lq	12	False
503	cezs0zg	12	False
504	61iz9z	12	False
505	66p9kr	11	False
506	c4b4ha6	10	False
507	7eyee9	7	False
508	7zpzd6	10	False
509	at2ava	13	False
510	cvzupc	25	False
511	ca0g7pm	5	False
512	bve8bh	20	False
513	aur7nn	12	False
514	b5on6m	13	False
515	cqxx6bo	10	False
516	42nhg4	16	False
517	3e9qai	12	False
518	dd7csb	11	False
519	blzfud	15	False
520	23gsf0	23	False
521	4njcm8	14	False
522	bqcrji	12	False
523	9jtpdk	20	False
524	cr0qwb	11	False
525	xwmoe	13	False
526	8aytej	17	False
527	cmnc781	6	False
528	11f95k	8	False
529	cnv7px	20	False
530	7uhm86	17	False
531	c7g0niq	8	False
532	4xzd9c	15	False
533	cibmgh	10	False
534	cr8wy4	10	False
535	9ioc9t	17	False
536	b7hx41	6	False
537	c37rol	13	False
538	bn1f4u	12	False
539	rgigz	20	False
540	9bun0x	17	False
541	ccst35	14	False
542	bru2zu	16	False
543	1ca6kk	14	False
544	5guxyv	13	False
545	2ltbdc	12	False
546	6afgbb	14	False
547	5k2a9z	14	False
548	cjmsqac	17	False
549	c3kn1k	11	False
550	4er7cz	10	False
551	31vdjm	12	False
552	37bch9	13	False
553	831jiu	8	False
554	3frf2f	16	False
555	bk3kxn	20	False
556	11lk0b	15	False
557	5zeeyi	6	False
558	bndvpq	8	False
559	2mp2b9	11	False
560	3jy56q	22	False
561	dy5lj7i	12	False
562	6s3rb8	11	False
563	10j5ee	20	False
564	c49mbj9	9	False
565	cw23s66	9	False
566	2spyks	6	False
567	cntkzk	20	False
568	8oav6q	28	False
569	8mlgfb	11	False
570	crewcqr	13	False
571	211mtg	16	False
572	b2ldfz	10	False
573	16g0hs	15	False
574	6oqx0c	9	False
575	3euu1d	10	False
576	53b6sc	15	False
577	b4mvd6	13	False
578	6wvmk2	10	False
579	24nmi6	8	False
580	d5jv7n	8	False
581	c5z6ols	12	False
582	awe6j1	14	False
583	5vytu2	30	False
584	bc2sp2	17	False
585	99dlh0	14	False
586	b69mw5	25	False
587	1hr7n2	13	False
588	6w11x2	17	False
589	6icnca	14	False
590	40ph6w	13	False
591	d02gtm	11	False
592	c7to9oa	10	False
593	d5gruj	11	False
594	bdsn00	13	False
595	1slz3a	9	False
596	9guzlf	11	False
597	cjoncr3	7	False
598	c9bo81a	9	False
599	cw82kp	12	False
600	3ducw6	15	False
601	60kjje	21	False
602	cd2mjg	11	False
603	c0hql7	14	False
604	ce6npko	9	False
605	cq8vihk	6	False
606	7uvs8q	8	False
607	b6e9x8	21	False
608	5hn79v	11	False
609	ce7gtk	15	False
610	cjg1vh	17	False
611	ces56a8	10	False
612	d17c24	7	False
613	52d9k7	20	False
614	6i8xou	9	False
615	bwbw7n	14	False
616	57sdcb	12	False
617	35lgng	9	False
618	8wjko7	13	False
619	curep3	12	False
620	3vt391	11	False
621	ci4ynxb	6	False
622	1f2ooa	9	False
623	d7a61o	9	False
624	9ec7eq	11	False
625	c8iz044	10	False
626	ccvujvv	11	False
627	15g6h1	11	False
628	c56m2lu	12	False
629	ci3zxha	9	False
630	cffi8p	11	False
631	3u3ey4	16	False
632	7c2uqn	19	False
633	9hbfz9	10	False
634	8et034	9	False
635	cm6brs	11	False
636	dbhq4j	10	False
637	73uic4	14	False
638	16cz2a	22	False
639	c6wpb5i	7	False
640	aufe0y	10	False
641	7nty7n	29	False
642	9bjofb	16	False
643	926yx3	11	False
644	2phxlo	15	False
645	3insja	8	False
646	3gjfr1	10	False
647	139f8a	13	False
648	dhqyyq	8	False
649	3o1j0k	8	False
650	1kaymj	14	False
651	c59yl6	10	False
652	bvm2pz	14	False
653	b4geqy	9	False
654	1m41sc	9	False
655	d3jig8v	7	False
656	1qtwn4	11	False
657	bc6fe5	11	False
658	5qfzgn	17	False
659	bg70qm	11	False
660	1b6k64	11	False
661	3abvvc	7	False
662	c7nrbvy	9	False
663	3x0xb7	11	False
664	bxwme5	13	False
665	2hwffh	8	False
666	bg83tp	15	False
667	arp78r	10	False
668	6hut9e	35	False
669	90h4uh	18	False
670	1nfmx9	11	False
671	2q95cz	10	False
672	dcpkm6d	8	False
673	bun0ja	9	False
674	8wpm9o	15	False
675	8khqfq	18	False
676	ccjev19	9	False
677	6mtwfr	12	False
678	bz6vdx	22	False
679	blgl7r	17	False
680	b57j2l	11	False
681	4zi9d0	10	False
682	b3su2p	22	False
683	1d7nh7	29	False
684	cjd3ky	23	False
685	aydhsy	13	False
686	1tszn0	5	False
687	cllqi8	8	False
688	1g56fn	55	False
689	5gkhwh	13	False
690	6eb5tf	13	False
691	2jjm8t	26	False
692	6w9u84	18	False
693	48v1nb	15	False
694	cla1zt	11	False
695	b6ksb9	21	False
696	1famyh	11	False
697	28xm90	12	False
698	ditom3	9	False
699	98m4ru	8	False
700	4or97k	11	False
701	5nrcx9	11	False
702	cbutsuf	18	False
703	1dndu6	7	False
704	2ir31y	16	False
705	3nypgp	11	False
706	1x5i8i	10	False
707	1wf0y7	15	False
708	1fu7gd	27	False
709	9gzjnn	11	False
710	4de49a	11	False
711	8bez0d	11	False
712	4hownt	12	False
713	c12lif	10	False
714	2a83hw	16	False
715	4cyrg3	16	False
716	ckt908	19	False
717	bfjupy	15	False
718	czqnma	20	False
719	1btgtg	15	False
720	d04t5lt	20	False
721	cjlpl28	9	False
722	bya2p7	15	False
723	atx4ce	11	False
724	c6lgof3	8	False
725	7v03cq	10	False
726	7kpe6m	14	False
727	20zukp	8	False
728	2wc9cm	20	False
729	b229fh	9	False
730	2bzyjg	11	False
731	6w70a2	22	False
732	2u3pmn	19	False
733	c9ulsbs	13	False
734	d2h02a	18	False
735	bcpsum	14	False
736	2ppbrl	12	False
737	azzzrf	10	False
738	b8yyty	33	False
739	42yrnt	13	False
740	8khc6z	8	False
741	c7zpw06	11	False
742	5ug84s	18	False
743	bth9im	26	False
744	emtorz6	9	False
745	5buqcw	10	False
746	cxl1lr	14	False
747	c2v10m	14	False
748	d15m67f	27	False
749	9ino0t	16	False
750	1zvsvs	8	False
751	cd74xi3	12	False
752	3if33g	11	False
753	cli4bx8	8	False
754	7xh833	16	False
755	d8c4et	9	False
756	9gqi4d	9	False
757	cc6kr2	52	False
758	bucdjx	10	False
759	20uhaf	9	False
760	dhjipgi	11	False
761	1s5yad	10	False
762	c5lwad9	14	False
763	boptpt	17	False
764	d0gwn0	7	False
765	19dgqa	16	False
766	choe5d	10	False
767	divnav	16	False
768	7ksxx4	16	False
769	1zz6jw	10	False
770	arud4u	15	False
771	ax0f6k	13	False
772	cw0qa9	12	False
773	7fwus7	8	False
774	bzux5b	16	False
775	6b9igu	16	False
776	caaukt1	14	False
777	1s8sqp	7	False
778	3nggvv	20	False
779	7qupop	9	False
780	1yjyeq	11	False
781	90knl1	6	False
782	5mdpkv	13	False
783	9bltgk	14	False
784	1xh62w	20	False
785	c90psbi	8	False
786	awwclv	13	False
787	3q3bs0	26	False
788	cpkmtf	21	False
789	d564la	13	False
790	2q1w08	22	False
791	4s7uik	14	False
792	85m658	11	False
793	cdw4g43	16	False
794	cosov1	10	False
795	148sgj	10	False
796	chza61	13	False
797	2w44im	15	False
798	b4s7n7	21	False
799	1ps7da	9	False
800	8rrfjs	16	False
801	1sn912	15	False
802	cqfn1d	10	False
803	67zku1	10	False
804	de6yxq	21	False
805	91z58w	17	False
806	21i5ic	5	False
807	ch4xge	30	False
808	1pa73p	8	False
809	cnboxq	15	False
810	5ebcok	10	False
811	2yj52d	8	False
812	9edrj7	21	False
813	6sy3f1	14	False
814	b52iak	6	False
815	c5mwdkv	11	False
816	c71uoiv	6	False
817	9iklj6	11	False
818	dfro2l3	9	False
819	cmx97fb	16	False
820	dx22a6l	7	False
821	47pd4z	10	False
822	191ead	16	False
823	b5b9u0	13	False
824	2lbvc7	7	False
825	3sqoxa	10	False
826	58nohk	10	False
827	5w3bkk	11	False
828	57qa8c	13	False
829	cyvdeit	9	False
830	cfzeck6	6	False
831	9ijkdc	8	False
832	by2m1i	11	False
833	d039fl	6	False
834	b35xp3	12	False
835	1gs1t1	8	False
836	bbl8g1	13	False
837	c4agsx	19	False
838	80f6vk	13	False
839	9h83g8	13	False
840	cqe4tu	13	False
841	21m3cu	10	False
842	1v886f	11	False
843	1zjlwi	14	False
844	bgq8is	10	False
845	d3bqtvb	11	False
846	33qxgj	16	False
847	66b2zi	12	False
848	5outr1	8	False
849	94zeeo	19	False
850	cq85ah6	10	False
851	crpyny	14	False
852	5h9712	11	False
853	cqur6l	17	False
854	54rjzv	13	False
855	7vh6p7	11	False
856	csycv6	12	False
857	33x6n2	25	False
858	90hk6w	11	False
859	5ihr93	16	False
860	7756px	10	False
861	cayrghv	9	False
862	1c4xjv	19	False
863	1pbf9m	16	False
864	cscnml	11	False
865	b6aatz	18	False
866	b5s1u9	13	False
867	c5tx4e	14	False
868	6bvppt	12	False
869	1xm70a	7	False
870	bfrk93	10	False
871	bct8vq	18	False
872	5563wh	12	False
873	7xfbz7	14	False
874	c86n5pw	10	False
875	b4113j	13	False
876	6i9o8z	13	False
877	cb9zmr	9	False
878	2e578p	8	False
879	cah2qd	23	False
880	3zcpl2	15	False
881	278cg7	8	False
882	b6ecug	21	False
883	bn7wmm	12	False
884	br022s	48	False
885	9ges63	10	False
886	ck2r6t0	14	False
887	b7phc7	12	False
888	ddtgub	17	False
889	614tnh	19	False
890	av83mp	18	False
891	b77ykn	13	False
892	f16p4th	12	False
893	auabo0	13	False
894	bchbz8	12	False
895	8zht53	10	False
896	bifedn	10	False
897	d4tbl9v	12	False
898	2j8ukx	22	False
899	3yjal6	14	False
900	3eso48	9	False
901	6bnlva	18	False
902	b36ip9	16	False
903	wvx40	10	False
904	b0p7zn	15	False
905	9fmnx5	6	False
906	c6ro36	11	False
907	1drpht	13	False
908	ddsb0z	23	False
909	8h6h77	10	False
910	cndt6s	15	False
911	68k859	12	False
912	19hzae	10	False
913	4gppdq	10	False
914	6l8ivu	11	False
915	2c9jfi	10	False
916	cy8ao4	14	False
917	64358r	11	False
918	4mnzlv	24	False
919	axvxee	19	False
920	4br3l1	8	False
921	8zlpq5	13	False
922	3jp1od	11	False
923	6iouao	10	False
924	3psxmz	7	False
925	b3jbbl	7	False
926	43zh1k	17	False
927	3krs4r	8	False
928	2p6pdp	9	False
929	8dn2os	12	False
930	dmv20uc	6	False
931	av0l71	13	False
932	8qtcd5	26	False
933	5zq097	9	False
934	c0dj6d	11	False
935	5nucmi	7	False
936	2smca9	9	False
937	b6utdi	47	False
938	5gtykw	19	False
939	c794gby	8	False
940	3gydfa	13	False
941	ckymyy	6	False
942	d0rv6i	12	False
943	245e6d	10	False
944	33huje	6	False
945	bx5kc4	16	False
946	c0yccu	11	False
947	71gvvy	22	False
948	6z1fdb	10	False
949	buovyn	12	False
950	1rxk4w	14	False
951	6ph6pr	16	False
952	6zzjml	22	False
953	1wosm2	8	False
954	d0ioqh	9	False
955	4hmjt3	14	False
956	5x9cdo	8	False
957	at42ti	20	False
958	b35gev	18	False
959	b1nlad	6	False
960	96crs3	8	False
961	95mvmx	11	False
962	8kv9e0	8	False
963	5wimzz	13	False
964	cypbc00	10	False
965	8wy0uu	12	False
966	7gj02x	37	False
967	czo64h8	8	False
968	18hj7z	11	False
969	czfg0w9	6	False
970	drhov0g	11	False
971	4sq1a7	15	False
972	c9i5qg	17	False
973	cvphmw	8	False
974	bha7io	28	False
975	azzffe	14	False
976	ban4u6	11	False
977	4rap24	14	False
978	70ctu9	14	False
979	cljxk3	12	False
980	8llfkz	6	False
981	8kl3jh	33	False
982	1ee6zy	22	False
983	9avs93	8	False
984	5653s3	7	False
985	385u2d	10	False
986	22frw2	14	False
987	bhu09k	23	False
988	6qyu2p	9	False
989	884fbe	10	False
990	bkopzz	14	False
991	avj4mc	13	False
992	2c6omy	21	False
993	7cn65z	7	False
994	29c1xm	9	False
995	ewr14oo	8	False
996	2lw5z4	14	False
997	3amock	11	False
998	bdhhf4	9	False
999	c0zf4u	11	False
